Fold,QWK
1,0.0360002993787889
2,0.023727804596738844
3,0.024663136471927305
4,0.046679094929999554
5,0.024502473254342405
