XGBoost,CatBoost,RandomForest,DecisionTree
0.23375073811364624,0.23579697979370456,0.23369228605860148,0.2350530767148351
