Fold,QWK
1,0.0
2,0.0
3,0.005446768411581537
4,0.021206636917508348
5,-8.468906410152854e-06
