XGBoost,CatBoost,RandomForest,DecisionTree
0.35679740983503505,0.3486259786926961,0.34559414995738963,0.3877208291764345
