Fold,QWK
1,0.0035343576769970575
2,0.0
3,0.0
4,0.0
5,-8.867312798255256e-06
