XGBoost,CatBoost,RandomForest,DecisionTree
0.2897046632666873,0.29189890502407045,0.28835138511013164,0.2829554190428564
