Fold,QWK
1,0.020314443345983313
2,0.03859713663815567
3,0.01900078917015724
4,0.05785224306440839
5,0.01900078917015724
