XGBoost,CatBoost,RandomForest,DecisionTree
0.9418012696920638,0.7000411280649528,0.7354816671662727,1.4972450611409607
