XGBoost,CatBoost,RandomForest,DecisionTree
0.9370274215398033,0.7052304980820561,0.7428313878671078,1.4972450611409607
