XGBoost,CatBoost,RandomForest,DecisionTree
0.43740190164189696,0.40487112692593286,0.405872461991569,0.4354482944671372
