Fold,QWK
1,0.3944708932148865
2,0.259792858963368
3,0.2144439405567572
4,0.2667248146532927
5,0.3781654980984481
