Fold,QWK
1,0.34596548890714873
2,0.2728610404340762
3,0.31094585173135025
4,0.3163976831805657
5,0.25561116039299037
