XGBoost,CatBoost,RandomForest,DecisionTree
0.4027387441772009,0.4532437934259034,0.41444489375782445,1.3519880716224493
