Fold,QWK
1,0.06381473142489535
2,-0.0065177540905694276
3,0.037505072169729314
4,0.07187989102081038
5,0.012175545930884102
