XGBoost,CatBoost,RandomForest,DecisionTree
0.17280242511301605,0.1644923899997682,0.1632842383738782,0.1899904979770539
