Fold,QWK
1,0.009681425199955296
2,0.027829254908044998
3,0.009681425199955296
4,0.02571553388480996
5,0.027171052631578818
