Fold,QWK
1,-0.06666666666666665
2,0.4666666666666667
3,0.0
4,0.0
5,0.0
