Fold,QWK
1,0.0977556578082448
2,0.01240241082743998
3,0.07298360472793897
4,0.0774216936103368
5,0.059690089525339496
