XGBoost,CatBoost,RandomForest,DecisionTree
0.22291532434447897,0.19962816133099937,0.2017849798027762,0.30720773063683227
