Fold,QWK
1,0.2855193504950685
2,0.29492111291853473
3,0.29782486241599626
4,0.25821934026564275
5,0.2616165828590383
