XGBoost,CatBoost,RandomForest,DecisionTree
0.14622553683331826,0.15519505204259532,0.169546116627847,0.27438492724247715
