Fold,QWK
1,0.26443335790398315
2,0.2906624689981978
3,0.2729276586036403
4,0.2797567452449482
5,0.27402926829268304
