XGBoost,CatBoost,RandomForest,DecisionTree
0.3518019676046527,0.4000069247907726,0.36109007573296653,1.029407574816466
