XGBoost,CatBoost,RandomForest,DecisionTree
0.4014284483218681,0.46181710122473224,0.4217374000226914,0.7522206709135963
