XGBoost,CatBoost,RandomForest,DecisionTree
0.13002714383951589,0.1278415191014281,0.1276179487644378,0.13468542127816438
