XGBoost,CatBoost,RandomForest,DecisionTree
0.10418907149364073,0.1028095388922082,0.10262374806966489,0.10409604281603145
