XGBoost,CatBoost,RandomForest,DecisionTree
0.35759307996427264,0.4013020002549057,0.3774594556812718,1.334862264554747
