XGBoost,CatBoost,RandomForest,DecisionTree
0.12774675794729212,0.1357243507493831,0.15100990456177932,0.25834012012143204
