Fold,QWK
1,0.012038579344680445
2,-0.0005362309665934983
3,0.006653305265674425
4,0.006076460190461264
5,-0.0002690076559763721
