XGBoost,CatBoost,RandomForest,DecisionTree
0.23100239113727236,0.23503175061794615,0.23536361303373046,0.41862102602264156
