Fold,QWK
1,-0.16666666666666674
2,0.40740740740740744
3,0.2727272727272727
4,-0.06976744186046524
5,0.33009708737864085
