XGBoost,CatBoost,RandomForest,DecisionTree
0.18719409124585415,0.19799524519348183,0.20299851122912732,0.28053590886392554
